{"retval": null, "status": "finished", "runtime_info": {"start_time": 1634679822.238359, "end_time": 1634680698.8619797, "elapsed_sec": 876.6236207485199, "console_out": {"label": "spykingcircus", "lines": [{"timestamp": 1634679822.2383823, "text": "###### RUNNING: spykingcircus"}, {"timestamp": 1634679822.8805609, "text": "Sorting..."}, {"timestamp": 1634679824.1879761, "text": "RUNNING SHELL SCRIPT: /tmp/tmp_shellscriptv363jl_d/script.sh"}, {"timestamp": 1634680697.7234468, "text": "#SF-SORTER-RUNTIME#873.499#"}, {"timestamp": 1634680698.3202543, "text": "/usr/local/lib/python3.6/dist-packages/spikeextractors/extractors/spykingcircusextractors/spykingcircusextractors.py:113: H5pyDeprecationWarning: The default file mode will change to 'r' (read-only) in h5py 3.0. To suppress this warning, pass the mode you need to h5py.File(), or set the global default h5.get_config().default_file_mode, or set the environment variable H5PY_DEFAULT_READONLY=1. Available modes are: 'r', 'r+', 'w', 'w-'/'x', 'a'. See the docs for details."}, {"timestamp": 1634680698.3203065, "text": "  f_results = h5py.File(results)"}]}}}