{"retval": null, "status": "finished", "runtime_info": {"start_time": 1634680639.766405, "end_time": 1634681509.0782318, "elapsed_sec": 869.3118267059326, "console_out": {"label": "spykingcircus", "lines": [{"timestamp": 1634680639.7664194, "text": "###### RUNNING: spykingcircus"}, {"timestamp": 1634680640.4610088, "text": "Sorting..."}, {"timestamp": 1634680642.4047468, "text": "RUNNING SHELL SCRIPT: /tmp/tmp_shellscriptg2nvhzu8/script.sh"}, {"timestamp": 1634681508.7723124, "text": "#SF-SORTER-RUNTIME#866.348#"}, {"timestamp": 1634681508.8580532, "text": "/usr/local/lib/python3.6/dist-packages/spikeextractors/extractors/spykingcircusextractors/spykingcircusextractors.py:113: H5pyDeprecationWarning: The default file mode will change to 'r' (read-only) in h5py 3.0. To suppress this warning, pass the mode you need to h5py.File(), or set the global default h5.get_config().default_file_mode, or set the environment variable H5PY_DEFAULT_READONLY=1. Available modes are: 'r', 'r+', 'w', 'w-'/'x', 'a'. See the docs for details."}, {"timestamp": 1634681508.8581188, "text": "  f_results = h5py.File(results)"}]}}}